{"cameraMode":{"drawMode":0,"name":"Shaded","section":"Shading Mode"},"sceneLighting":true,"audioPlay":false,"sceneViewState":{"m_AlwaysRefresh":false,"showFog":true,"showSkybox":true,"showFlares":true,"showImageEffects":true,"showParticleSystems":true,"showVisualEffectGraphs":true,"m_FxEnabled":true},"in2DMode":false,"pivot":{"x":-7.657034873962402,"y":2.7602386474609377,"z":30.724687576293947},"rotation":{"x":-0.3699082136154175,"y":0.0008433168986812234,"z":-0.0003349753387738019,"w":-0.9291025996208191},"size":15.49356746673584,"orthographic":false}